iter	Logloss
0	0.6845551998
20	0.6370153358
40	0.629343127
60	0.6264260635
80	0.6242726333
100	0.6226493294
120	0.6213713946
140	0.6202334294
160	0.6192694164
180	0.6184522343
200	0.6176556007
220	0.6170021171
240	0.6163740214
260	0.615824373
280	0.6152500226
300	0.6147460612
320	0.6142165337
340	0.6135992085
360	0.6131045557
380	0.6127349419
399	0.6123070841
